stat_date,北京-实派,北京-应派,大连-实派,大连-应派,广州-实派,广州-应派,合肥-实派,合肥-应派,苏州-实派,苏州-应派
20170101,80,210,31,63,32,51,57,114,42,51
20170102,70,204,53,45,15,36,38,156,51,42
20170103,81,342,63,87,12,63,81,171,45,60
20170104,76,249,41,57,18,42,56,126,49,69
20170105,81,357,45,72,25,63,56,156,49,87
20170106,101,339,52,72,26,39,63,210,41,45
20170107,72,288,45,72,16,36,51,105,41,48
20170108,17,12,0,0,0,0,7,3,0,0
20170109,0,0,0,0,0,0,0,0,7,0
20170110,49,138,34,60,11,21,38,93,46,57
20170111,63,342,31,90,10,60,44,153,43,57
20170112,44,252,18,60,14,57,23,126,51,51
20170113,45,318,18,39,12,42,22,96,22,30
20170114,35,213,13,36,12,48,18,90,18,30
20170115,20,156,5,27,3,42,11,63,16,21
20170116,16,159,1,45,2,24,4,72,37,45
20170117,12,177,1,15,2,9,2,39,16,21
20170118,4,93,1,18,2,18,1,78,7,15
20170119,5,132,0,27,3,30,1,42,3,27
20170120,3,54,0,6,1,18,0,24,2,18
20170121,0,0,0,0,0,0,0,0,0,0
20170122,0,0,0,0,0,0,0,0,0,0
20170123,0,0,0,0,0,0,0,0,0,0
20170124,0,0,0,0,0,0,0,0,0,0
20170125,0,0,0,0,0,0,0,0,0,0
20170126,0,0,0,0,0,0,0,0,0,0
20170127,0,0,0,0,0,0,0,0,0,0
20170128,0,0,0,0,0,0,0,0,0,0
20170129,0,0,0,0,0,0,0,0,0,0
20170130,0,0,0,0,0,0,0,0,0,0
20170131,0,0,0,0,0,0,0,0,0,0
20170201,0,0,0,0,0,0,0,0,0,0
20170202,0,0,0,0,0,0,0,0,0,0
20170203,3,741,0,117,0,78,0,204,3,144
20170204,12,687,39,129,4,93,1,246,31,105
20170205,17,474,40,117,7,102,22,201,41,75
20170206,33,384,39,102,24,111,44,165,70,81
20170207,78,414,50,102,23,93,62,156,71,87
20170208,88,393,62,108,27,81,47,165,56,78
20170209,99,594,51,105,27,84,67,210,75,90
20170210,113,786,63,177,28,78,85,318,99,126
20170211,115,510,69,123,35,48,103,207,95,126
20170212,122,462,64,117,28,57,89,210,70,111
20170213,138,516,57,108,50,69,77,132,105,117
20170214,145,384,69,87,49,90,84,162,73,87
20170215,168,360,85,123,53,81,92,210,74,111
20170216,163,624,71,135,79,129,99,336,57,102
20170217,269,684,79,138,71,156,126,294,83,147
20170218,260,582,81,114,87,111,121,300,94,117
20170219,197,381,64,93,55,78,101,174,90,114
20170220,228,408,43,84,78,96,87,183,78,117
20170221,173,396,38,84,56,78,75,210,77,108
20170222,172,309,50,69,52,72,80,210,98,144
20170223,198,618,69,102,59,111,105,279,86,93
20170224,248,639,75,111,67,111,112,324,84,87
20170225,224,531,76,105,91,114,103,246,55,69
20170226,176,381,52,60,65,66,99,183,50,66
20170227,221,480,66,102,56,87,92,234,78,108
20170228,189,405,63,84,56,81,86,189,73,96
20170301,218,468,42,69,57,114,94,192,65,84
20170302,215,711,68,105,67,102,130,294,71,84
20170303,247,573,71,93,96,102,140,357,77,93
20170304,237,489,50,66,105,117,96,237,56,81
20170305,173,396,43,75,62,81,122,219,73,75
20170306,210,402,38,51,57,81,122,225,86,114
20170307,257,444,48,72,58,69,110,186,74,78
20170308,236,360,38,51,61,72,119,207,43,48
20170309,237,546,41,51,63,78,138,285,54,60
20170310,285,531,64,87,82,114,156,258,56,63
20170311,238,390,62,87,79,96,112,234,52,66
20170312,223,369,24,45,68,126,105,186,55,78
20170313,226,375,52,63,77,87,108,198,48,57
20170314,258,432,41,57,76,81,103,141,57,75
20170315,258,378,41,75,70,87,101,192,63,96
20170316,246,528,30,78,75,120,130,222,66,75
20170317,279,540,51,60,64,87,127,255,58,81
20170318,250,393,41,63,79,126,114,219,54,72
20170319,229,435,49,78,70,99,108,147,52,69
20170320,255,363,58,63,86,117,106,183,88,105
20170321,251,327,41,69,71,81,73,114,64,78
20170322,246,300,58,78,57,69,84,183,67,72
20170323,224,402,82,114,81,117,121,276,72,96
20170324,256,369,77,99,88,135,146,333,65,93
20170325,233,321,37,57,80,90,99,234,45,45
20170326,210,321,35,60,67,69,83,153,54,57
20170327,232,360,59,75,75,108,79,171,52,63
20170328,249,369,58,66,55,75,93,138,41,72
20170329,244,384,47,72,55,60,109,180,51,75
20170330,267,333,56,66,73,102,109,210,55,81
20170331,242,453,58,84,74,129,116,216,57,78
20170401,238,378,57,72,77,120,87,138,70,75
20170402,240,369,56,69,60,87,86,180,54,63
20170403,230,348,55,63,69,111,68,186,52,57
20170404,242,345,47,75,67,90,66,141,38,60
20170405,253,348,55,54,62,78,110,216,61,81
20170406,264,471,63,84,66,123,132,294,68,78
20170407,274,480,41,66,77,105,152,252,39,39
20170408,242,282,54,72,66,75,143,174,44,63
20170409,253,312,32,54,66,81,140,168,36,42
20170410,286,309,36,60,74,78,125,204,36,63
20170411,247,255,54,69,59,78,99,120,41,54
20170412,228,243,41,57,59,72,84,147,46,51
20170413,277,372,71,105,59,129,151,219,44,54
20170414,311,426,49,57,90,105,130,171,36,45
20170415,296,279,55,75,73,102,113,198,41,45
20170416,275,288,39,60,75,105,116,150,35,42
20170417,268,357,47,57,75,87,116,168,36,39
20170418,267,282,51,54,54,45,104,186,42,60
20170419,284,321,34,57,66,90,80,129,24,27
20170420,268,390,62,84,55,87,131,246,22,24
20170421,271,387,50,63,67,87,151,180,40,45
20170422,298,291,32,30,64,66,149,192,29,45
20170423,247,282,44,60,51,69,140,192,50,54
20170424,277,324,38,48,63,84,164,225,28,33
20170425,246,264,50,72,61,63,124,147,42,60
20170426,223,273,53,69,49,72,98,147,25,36
20170427,261,351,70,111,53,69,146,234,58,60
20170428,273,321,70,75,60,78,139,219,41,54
20170429,199,219,66,93,76,96,130,183,37,36
20170430,210,300,55,60,64,69,91,159,43,45
20170501,210,351,45,60,42,48,100,195,40,45
20170502,217,327,52,72,47,57,103,204,51,57
20170503,299,324,42,60,43,54,116,192,70,84
20170504,210,399,32,72,48,105,122,255,92,99
20170505,351,543,83,96,77,132,150,237,70,84
20170506,412,384,75,72,83,72,175,213,78,81
20170507,263,291,33,42,58,48,141,231,49,63
20170508,211,312,66,84,60,75,128,195,64,66
20170509,219,240,45,57,66,75,104,186,76,87
20170510,247,312,53,63,52,69,119,144,56,75
20170511,202,342,38,57,49,72,134,249,65,90
20170512,352,396,57,72,63,84,135,249,57,45
20170513,274,198,50,54,68,93,149,207,27,45
20170514,170,165,37,51,87,102,133,198,50,45
20170515,227,285,36,48,67,90,140,192,57,72
20170516,253,249,36,72,45,84,140,177,52,57
20170517,189,186,66,78,45,66,137,168,65,66
20170518,235,414,45,99,60,108,106,183,82,93
20170519,312,336,82,66,67,117,135,210,62,72
20170520,327,237,59,48,69,93,144,144,44,51
20170521,204,231,42,84,35,63,122,180,65,72
20170522,218,234,41,54,52,99,133,198,62,78
20170523,206,237,45,63,43,96,163,213,69,72
20170524,247,243,42,60,53,66,125,195,30,42
20170525,230,276,52,81,41,87,118,171,48,57
20170526,208,291,50,60,37,99,126,228,27,45
20170527,315,309,54,57,43,54,172,189,53,57
20170528,234,237,61,57,52,102,83,132,51,57
20170529,199,201,52,72,53,78,96,150,45,57
20170530,200,243,34,54,49,75,105,183,53,78
20170531,237,267,79,108,31,60,130,243,59,75
20170601,221,372,44,63,42,99,104,213,55,66
20170602,242,297,43,72,79,108,163,216,42,42
20170603,340,336,52,57,69,126,159,231,37,45
20170604,281,282,66,72,81,78,152,210,41,45
20170605,219,240,36,42,80,93,166,225,45,51
20170606,249,264,40,60,66,84,154,198,56,66
20170607,210,213,59,72,70,75,155,165,57,60
20170608,225,381,43,72,64,126,145,231,44,48
20170609,383,375,69,90,77,120,198,261,64,72
20170610,298,237,47,54,90,93,189,222,44,54
20170611,220,255,54,81,56,72,170,273,54,66
20170612,266,300,62,84,64,63,139,162,61,72
20170613,231,237,68,78,63,93,143,207,69,69
20170614,249,273,43,66,78,93,127,180,54,54
20170615,198,342,72,90,48,93,111,210,39,51
20170616,302,336,74,84,51,93,173,219,36,57
20170617,289,294,44,66,68,60,177,204,62,60
20170618,252,300,36,57,47,81,130,171,74,90
20170619,268,321,69,93,60,78,133,183,69,81
20170620,247,291,48,84,62,72,167,204,73,84
20170621,227,261,63,84,42,57,88,126,54,57
20170622,161,360,29,84,80,120,135,237,32,45
20170623,350,351,59,66,77,90,177,189,48,51
20170624,329,345,36,30,65,96,164,219,59,81
20170625,260,222,43,72,73,66,133,234,54,48
20170626,248,234,38,39,34,45,131,138,37,42
20170627,223,279,71,129,59,78,117,207,63,132
20170628,184,249,47,105,50,99,159,168,75,108
20170629,217,363,82,78,39,111,114,201,50,99
20170630,393,405,104,135,52,105,186,261,65,72
20170701,304,336,57,30,59,96,220,246,74,57
20170702,290,312,48,81,65,111,166,171,51,48
20170703,257,354,83,114,69,108,166,231,54,66
20170704,261,300,68,108,80,93,149,201,44,45
20170705,250,303,85,108,55,141,187,219,59,66
20170706,236,384,55,117,78,81,164,261,35,48
20170707,336,384,77,81,67,84,209,258,37,42
20170708,324,288,69,75,68,84,192,177,43,48
20170709,304,351,54,60,64,72,173,219,26,33
20170710,286,354,72,108,62,108,159,192,60,66
20170711,296,297,64,96,63,78,155,204,53,60
20170712,224,246,67,81,56,81,169,237,44,48
20170713,182,330,42,69,56,105,132,201,46,54
20170714,353,348,64,78,67,87,220,285,35,45
20170715,297,294,60,81,81,102,215,213,33,48
20170716,267,297,62,75,56,66,183,231,25,27
20170717,274,336,108,114,61,81,163,198,73,90
20170718,262,300,53,78,65,72,123,150,39,39
20170719,218,264,54,99,54,87,128,207,32,33
20170720,203,369,48,84,49,102,158,252,54,60
20170721,367,369,42,48,76,105,254,276,57,60
20170722,256,291,52,78,56,81,171,189,32,39
20170723,254,273,39,51,111,102,146,204,27,27
20170724,279,381,74,108,58,75,185,225,62,66
20170725,302,312,75,99,55,87,172,210,53,60
20170726,263,291,53,84,70,87,106,138,64,72
20170727,314,381,56,72,81,99,212,282,46,45
20170728,308,366,57,90,63,84,223,249,48,51
20170729,246,312,29,51,45,87,156,207,32,42
20170730,236,282,65,81,60,84,174,243,59,54
20170731,284,345,84,111,52,75,157,213,50,60
20170801,263,309,38,78,59,81,125,207,41,48
20170802,295,258,85,84,91,105,188,225,62,72
20170803,373,429,75,90,96,90,210,210,84,90
20170804,327,369,48,69,91,96,230,270,45,33
20170805,241,345,31,60,69,99,168,222,28,36
20170806,267,252,50,102,83,87,178,213,52,69
20170807,249,291,113,111,77,90,170,213,85,84
20170808,271,324,60,78,82,81,201,264,65,72
20170809,260,255,71,84,82,108,154,162,69,72
20170810,396,405,51,51,117,153,192,234,58,54
20170811,329,363,52,66,115,147,195,225,38,48
20170812,230,270,51,60,65,96,159,210,52,51
20170813,227,222,49,66,74,75,184,192,39,36
20170814,243,288,76,126,107,123,195,219,58,60
20170815,241,297,65,90,45,45,188,240,88,96
20170816,259,309,59,60,53,69,159,198,77,84
20170817,392,366,42,54,92,93,215,249,70,75
20170818,307,333,72,87,103,126,149,186,74,69
20170819,251,300,51,63,35,54,181,252,53,75
20170820,271,315,66,60,76,105,203,240,54,45
20170821,340,390,65,105,77,114,200,246,65,66
20170822,277,318,71,78,77,63,175,216,56,66
20170823,272,279,73,93,66,102,130,168,85,87
20170824,390,402,52,66,105,120,183,198,98,102
20170825,357,366,62,78,83,84,197,213,84,84
20170826,172,219,50,69,71,102,136,183,52,54
20170827,232,243,58,72,64,81,126,159,39,39
20170828,238,291,59,93,87,111,122,144,76,84
20170829,254,252,81,102,70,81,159,189,46,57
20170830,188,222,47,75,64,114,112,147,58,75
20170831,401,417,32,60,75,57,195,234,64,84
20170901,336,384,69,63,105,147,168,186,66,42
20170902,291,321,49,66,63,81,146,177,42,45
20170903,252,234,48,54,70,75,157,198,57,54
20170904,261,279,79,90,77,78,131,159,86,93
20170905,244,279,80,111,46,60,162,165,66,69
20170906,225,216,74,93,66,84,128,162,61,72
20170907,324,336,60,75,114,141,194,240,47,51
20170908,287,297,64,69,88,99,155,186,42,45
20170909,225,285,38,54,48,72,175,210,23,33
20170910,209,213,42,75,81,93,162,174,51,45
20170911,223,249,93,96,79,75,149,174,73,75
20170912,237,225,49,54,69,81,110,135,67,78
20170913,298,372,40,48,52,66,142,159,66,72
20170914,409,417,76,87,110,117,254,279,47,45
20170915,325,348,40,54,87,108,136,171,43,54
20170916,213,252,51,75,37,36,130,159,31,39
20170917,200,198,42,51,67,75,143,156,45,36
20170918,227,267,49,63,66,75,138,198,61,69
20170919,267,252,57,72,68,72,126,135,54,60
20170920,248,291,68,84,51,63,110,114,55,60
20170921,373,369,67,60,80,75,183,207,79,96
20170922,327,390,37,54,95,114,153,210,42,42
20170923,225,270,35,51,79,96,176,213,49,48
20170924,196,204,36,66,47,57,125,138,66,90
20170925,227,270,69,57,58,63,126,132,116,108
20170926,234,279,58,81,52,66,87,129,48,45
20170927,242,252,59,87,56,66,99,120,52,54
20170928,230,234,63,69,90,102,151,147,71,81
20170929,200,231,41,48,96,102,139,162,53,54
20170930,170,198,51,66,37,54,111,147,21,36
20171001,159,150,45,60,40,51,76,87,55,45
20171002,172,189,71,87,59,78,64,90,40,33
20171003,146,162,39,48,71,81,93,111,37,42
20171004,120,117,46,57,54,51,70,90,20,24
20171005,189,201,36,63,76,87,118,138,54,54
20171006,190,213,43,75,61,69,132,162,64,66
20171007,181,183,64,66,47,66,196,222,45,48
20171008,165,207,64,96,79,99,173,180,68,72
20171009,252,339,124,135,53,63,166,204,74,84
20171010,261,297,67,87,79,57,169,186,96,87
20171011,212,228,49,66,42,66,137,162,50,54
20171012,213,219,53,69,84,81,197,216,96,105
20171013,193,204,61,66,106,111,178,186,57,54
20171014,148,159,47,66,45,66,158,168,47,60
20171015,180,174,62,72,66,72,202,231,67,66
20171016,230,273,79,87,73,84,170,186,82,84
20171017,258,288,97,87,62,66,136,186,51,42
20171018,214,192,37,45,62,75,183,192,63,69
20171019,202,198,38,42,112,120,227,249,33,33
20171020,179,189,42,42,92,90,186,213,24,30
20171021,186,195,61,66,42,51,153,177,46,45
20171022,239,243,62,72,80,102,149,165,39,39
20171023,268,297,79,96,64,72,203,243,61,63
20171024,250,285,85,108,43,66,216,210,50,60
20171025,199,213,91,78,67,87,200,237,46,60
20171026,201,204,67,69,104,111,258,312,62,60
20171027,202,231,45,48,98,99,178,207,73,75
20171028,156,192,31,33,58,78,194,201,54,57
20171029,192,186,75,87,47,54,129,150,38,42
20171030,254,321,74,75,72,66,163,198,63,63
20171031,231,279,50,57,72,87,181,219,63,69
20171101,239,327,87,90,61,69,114,120,51,60
20171102,211,252,57,63,96,108,176,207,87,81
20171103,193,201,55,54,80,75,133,171,59,66
20171104,148,189,36,33,62,69,139,177,36,42
20171105,210,207,56,63,53,60,154,201,48,48
20171106,192,222,56,72,57,66,146,171,48,48
20171107,184,198,65,72,59,66,154,168,57,66
20171108,140,153,62,66,53,63,113,129,48,42
20171109,208,240,41,39,89,87,137,165,36,39
20171110,155,165,38,42,80,75,170,189,75,75
20171111,142,156,28,33,54,78,126,144,42,51
20171112,199,225,42,51,61,57,97,126,48,51
20171113,192,183,52,69,70,90,124,168,63,69
20171114,170,192,62,57,66,63,138,141,50,51
20171115,178,174,49,51,38,45,131,144,63,60
20171116,236,249,57,66,65,69,173,177,40,45
20171117,225,240,38,48,74,78,116,147,63,66
20171118,183,207,44,42,38,72,81,93,50,51
20171119,157,159,48,57,67,60,105,135,57,54
20171120,224,204,59,57,64,60,136,174,64,63
20171121,169,174,64,72,43,60,164,163,72,84
20171122,165,210,39,42,56,63,150,162,54,54
20171123,195,192,46,51,58,72,138,147,27,33
20171124,166,183,39,36,68,60,144,177,42,48
20171125,118,132,35,45,68,81,104,120,70,81
20171126,202,273,69,63,51,54,126,132,75,66
20171127,174,177,66,66,30,39,106,123,81,81
20171128,281,348,42,57,56,63,125,147,77,84
20171129,154,150,43,39,37,45,136,135,54,48
20171130,244,324,40,54,69,72,104,126,48,57
20171201,228,231,45,45,64,81,152,162,39,36
20171202,151,159,30,36,41,45,130,147,49,60
20171203,206,237,62,69,37,57,151,186,49,45
20171204,201,222,67,75,50,42,121,153,53,63
20171205,200,204,54,51,43,51,136,138,71,75
20171206,173,186,45,42,52,51,110,138,40,45
20171207,239,249,44,54,90,93,149,183,79,78
20171208,247,240,54,48,53,63,128,132,61,57
20171209,209,264,40,57,55,75,97,108,42,54
20171210,224,255,37,30,58,66,125,126,75,78
20171211,247,240,84,87,48,69,121,153,74,84
20171212,299,330,61,66,46,48,129,147,58,66
20171213,196,186,52,72,50,45,138,145,69,72
20171214,218,258,73,78,88,111,148,174,95,102
20171215,192,183,33,42,78,87,146,156,69,72
20171216,149,162,53,66,51,66,133,147,78,81
20171217,209,204,44,51,48,51,131,126,59,54
20171218,210,243,88,102,66,78,112,123,101,114
20171219,232,240,88,93,51,81,110,132,79,84
20171220,370,477,74,72,67,63,112,144,69,60
20171221,264,228,58,66,88,96,126,123,87,96
20171222,227,234,41,45,84,105,99,102,70,75
20171223,140,168,33,51,55,63,90,105,68,81
20171224,208,234,64,69,54,75,134,147,56,54
20171225,245,333,100,108,57,69,121,132,88,102
20171226,333,297,77,90,71,54,140,174,71,78
20171227,360,444,86,93,40,57,131,177,65,69
20171228,314,405,93,102,71,99,154,156,64,75
20171229,297,374,82,90,52,42,111,144,61,84
20171230,210,234,50,60,43,75,92,114,53,36
20171231,418,527,79,74,39,39,107,144,58,63
20180101,160,195,59,65,36,42,105,123,38,36
20180102,217,270,82,105,38,60,153,177,68,81
20180103,201,276,60,75,46,60,115,138,68,72
20180104,209,268,42,45,71,66,147,185,69,87
20180105,213,218,38,47,45,63,129,147,59,36
20180106,248,216,57,48,51,54,112,117,62,69
20180107,189,276,57,60,48,62,123,137,82,87
20180108,208,258,91,93,43,57,106,135,72,72
20180109,218,261,44,51,39,66,111,159,54,60
20180110,178,246,63,72,37,72,115,120,61,69
20180111,177,243,37,48,34,78,100,126,71,72
20180112,192,192,46,60,44,75,127,141,73,81
20180113,218,228,45,60,28,69,71,105,28,27
20180114,168,298,55,75,30,78,86,93,54,57
20180115,150,293,65,72,23,75,102,154,72,69
20180116,151,129,13,18,21,27,54,45,18,18
20180117,129,118,30,42,26,45,59,71,21,21
20180118,77,84,11,12,29,26,48,57,12,15
20180119,7,0,0,0,0,0,3,3,1,0
20180120,119,312,51,72,29,64,115,144,67,69
20180121,101,243,30,36,26,57,79,108,45,45
20180122,102,162,59,84,25,36,135,168,53,57
20180123,153,172,79,75,31,36,105,129,56,54
20180124,110,165,44,48,25,33,96,114,40,42
20180125,109,188,48,63,27,57,94,123,31,30
20180126,116,186,35,48,24,48,87,105,38,48
20180127,111,132,21,30,19,33,86,99,33,33
20180128,91,105,26,27,19,42,65,75,48,45
20180129,107,213,25,42,9,54,55,81,49,51
20180130,114,168,21,33,9,48,39,54,35,33
20180131,77,120,17,33,14,30,37,63,23,24
20180201,53,139,20,18,13,45,12,66,19,18
20180202,24,132,13,15,11,15,7,45,20,21
20180203,17,3,3,3,3,0,3,0,1,0
20180204,0,0,0,0,0,0,0,0,0,0
20180205,0,3,0,0,0,3,1,3,0,0
20180206,2,9,0,0,0,0,1,3,0,0
20180207,0,0,0,0,0,0,0,0,0,0
20180208,0,0,0,0,0,0,0,0,0,0
20180209,0,0,0,0,0,0,0,0,0,0
20180210,0,0,0,0,0,0,0,0,0,0
20180211,0,0,0,0,0,0,0,0,0,0
20180212,0,0,0,0,0,0,0,0,0,0
20180213,0,0,0,0,0,0,0,0,0,0
20180214,0,0,0,0,0,0,0,0,0,0
20180215,0,0,0,0,0,0,0,0,0,0
20180216,0,0,0,0,0,0,0,0,0,0
20180217,0,0,0,0,0,0,0,0,0,0
20180218,0,0,0,0,0,0,0,0,0,0
20180219,0,0,0,0,0,0,0,0,0,0
20180220,0,0,0,0,0,0,0,0,0,0
20180221,0,0,0,0,0,0,0,0,0,0
20180222,28,522,32,66,20,102,6,171,19,103
20180223,74,788,74,99,15,96,23,246,32,183
20180224,112,789,102,101,18,144,109,195,44,135
20180225,125,555,91,129,23,75,53,198,87,96
20180226,206,568,84,105,19,84,118,147,127,111
20180227,275,645,55,99,27,120,146,243,87,87
20180228,298,647,68,96,32,96,156,273,107,126
20180301,254,601,81,99,40,101,203,242,101,123
20180302,414,569,91,109,46,94,221,212,110,94
20180303,391,464,106,114,46,98,186,216,97,117
20180304,341,591,82,94,60,88,173,192,108,122
20180305,339,560,114,125,63,82,159,294,130,114
20180306,404,609,106,118,62,88,211,242,98,118
20180307,409,428,113,123,71,111,187,206,112,105
20180308,409,482,80,83,90,150,211,252,100,99
20180309,392,571,92,100,80,95,214,239,79,76
20180310,357,456,85,86,82,117,173,241,71,73
20180311,320,492,86,98,74,132,183,226,88,138
20180312,360,555,91,92,81,120,212,264,123,110
20180313,381,496,94,105,71,105,198,228,107,121
20180314,401,472,79,89,82,117,212,244,93,154
20180315,451,569,71,87,91,150,177,207,89,93
20180316,367,436,70,77,89,132,203,267,101,100
20180317,341,304,95,102,61,88,165,197,102,84
20180318,337,380,60,75,64,109,174,195,96,104
20180319,401,508,104,117,88,106,177,205,109,111
20180320,375,414,86,109,58,81,149,203,81,90
20180321,329,380,94,94,88,99,202,234,75,74
20180322,347,479,67,75,80,120,196,258,84,93
20180323,372,394,79,84,79,121,173,195,55,57
20180324,333,347,52,60,80,82,145,194,75,87
20180325,396,423,62,65,76,127,167,185,74,69
20180326,337,521,71,84,61,127,121,164,120,131
20180327,510,547,83,88,70,145,188,236,88,92
20180328,354,401,58,69,67,133,171,206,48,45
20180329,339,391,63,66,83,161,176,207,87,93
20180330,489,557,48,48,67,120,135,152,98,105
20180331,356,413,59,66,63,78,174,170,79,73
20180401,345,334,70,73,70,128,143,161,84,88
20180402,381,459,97,108,86,108,147,203,51,51
20180403,370,391,75,75,78,126,143,180,76,88
20180404,319,307,51,52,62,68,119,140,60,61
20180405,279,273,61,65,83,106,132,147,77,77
20180406,350,390,65,75,88,123,149,164,71,74
20180407,285,277,74,74,75,115,147,171,27,27
20180408,350,443,115,117,71,101,184,225,88,96
20180409,331,384,112,128,65,114,200,282,100,102
20180410,390,434,89,99,87,159,169,205,104,115
20180411,338,341,68,63,83,105,206,209,79,89
20180412,339,362,93,100,102,136,222,249,68,60
20180413,266,304,103,108,101,128,231,203,68,70
20180414,286,305,61,63,88,129,165,172,96,105
20180415,339,343,54,72,64,87,128,139,103,104
20180416,313,371,48,51,68,94,204,202,96,103
20180417,283,334,83,93,75,126,169,173,90,105
20180418,286,281,93,95,77,81,148,146,97,90
20180419,298,326,56,67,99,135,186,192,67,69
20180420,256,297,49,45,84,138,133,132,81,80
20180421,250,282,35,41,70,100,141,163,80,83
20180422,270,295,82,93,70,110,154,180,83,84
20180423,287,333,98,100,75,115,213,215,106,122
20180424,279,280,61,65,79,75,185,182,91,87
20180425,277,286,65,63,75,95,165,187,86,85
20180426,265,275,93,105,92,133,179,175,56,75
20180427,256,287,73,77,90,140,187,206,56,47
20180428,204,217,70,66,84,162,183,191,48,48
20180429,184,192,103,115,76,111,147,163,85,93
20180430,177,203,82,84,84,117,146,151,78,73
20180501,310,322,96,105,75,90,136,152,95,96
20180502,258,272,87,95,65,90,120,150,66,68
20180503,293,352,63,63,98,179,167,188,48,45
20180504,325,337,43,51,111,161,175,199,75,72
20180505,334,356,73,75,90,127,179,161,54,57
20180506,256,297,61,78,80,177,188,203,97,105
20180507,232,251,123,139,86,138,184,194,112,117
20180508,254,333,99,85,84,124,161,169,86,87
20180509,273,283,47,64,95,124,144,156,81,72
20180510,242,258,76,67,104,207,180,189,66,63
20180511,240,250,67,72,87,113,141,162,66,79
20180512,198,220,52,62,69,105,128,135,36,33
20180513,167,168,74,90,71,108,155,175,42,45
20180514,271,333,63,72,34,92,191,215,55,63
20180515,245,257,57,63,34,93,185,200,67,60
20180516,187,202,62,60,43,98,160,160,67,72
20180517,310,349,76,81,47,94,187,213,62,66
20180518,230,230,46,63,35,75,162,184,61,62
20180519,184,206,71,87,45,68,179,161,79,72
20180520,233,232,82,81,32,53,198,212,67,68
20180521,243,281,68,87,50,78,190,215,70,79
20180522,248,264,53,50,40,83,137,141,72,81
20180523,239,240,37,45,47,91,132,144,67,57
20180524,291,348,80,86,54,73,192,192,55,66
20180525,239,228,41,51,51,84,168,171,73,83
20180526,177,176,31,42,47,64,142,147,55,43
20180527,224,229,56,70,54,84,151,164,73,75
20180528,303,330,59,63,46,90,187,215,81,91
20180529,227,257,71,89,39,87,178,190,86,101
20180530,207,205,75,101,34,51,89,106,92,108
20180531,242,254,64,66,46,75,85,73,88,80
20180601,215,219,41,42,45,71,107,114,55,54
20180602,173,196,40,50,42,58,71,74,68,72
20180603,198,210,60,69,40,61,81,75,64,76
20180604,257,272,75,105,54,102,205,244,61,72
20180605,242,259,62,57,41,60,175,183,68,63
20180606,204,216,75,87,63,90,190,192,55,57
20180607,215,238,63,64,64,116,143,157,107,111
20180608,244,260,63,78,62,105,144,145,60,67
20180609,202,229,44,45,51,64,117,140,66,55
20180610,217,232,73,77,38,71,115,123,51,54
20180611,232,222,63,72,46,64,160,167,40,39
20180612,250,267,64,62,36,54,173,187,59,69
20180613,188,186,52,55,53,83,120,118,89,95
20180614,236,247,44,39,56,71,152,167,53,45
20180615,218,224,39,39,51,96,108,132,36,47
20180616,213,219,43,45,54,73,112,108,61,81
20180617,180,182,27,30,56,67,107,108,49,48
20180618,221,223,42,51,34,63,118,132,69,60
20180619,210,230,52,62,35,60,116,121,61,65
20180620,194,186,65,70,39,69,132,141,63,63
20180621,227,269,58,57,47,85,156,169,65,69
20180622,236,242,45,45,36,93,124,138,70,69
20180623,224,217,36,35,60,83,118,119,72,77
20180624,222,251,91,102,51,78,146,158,82,88
20180625,233,246,68,70,57,93,150,169,70,72
20180626,243,259,68,90,40,72,150,149,57,64
20180627,249,260,65,58,44,59,168,181,58,66
20180628,256,270,64,72,72,112,153,161,43,48
20180629,271,288,71,72,60,91,103,106,85,90
20180630,205,199,69,70,61,99,113,121,50,56
20180701,272,313,82,90,47,75,174,177,37,54
20180702,271,295,68,69,48,84,186,220,63,75
20180703,215,214,67,84,56,108,145,150,83,83
20180704,264,308,63,62,74,90,141,152,70,78
20180705,254,255,79,84,66,110,140,157,71,78
20180706,240,246,73,90,38,76,168,165,73,75
20180707,192,204,87,94,48,65,148,165,76,72
20180708,205,245,56,79,57,81,211,232,48,46
20180709,292,290,62,66,42,63,199,196,65,72
20180710,295,288,45,69,59,103,178,180,72,66
20180711,240,243,64,71,58,63,166,163,58,67
20180712,213,217,86,87,84,136,221,241,84,85
20180713,249,261,63,75,66,81,109,121,55,54
20180714,163,168,28,39,62,58,129,126,61,78
20180715,252,263,62,66,63,96,129,132,90,81
20180716,291,290,85,87,85,84,169,171,102,100
20180717,308,337,48,51,62,95,152,170,60,81
20180718,276,273,63,76,69,75,139,144,69,68
20180719,239,246,44,42,69,103,150,165,73,87
20180720,232,219,49,65,69,78,155,155,57,54
20180721,207,234,51,57,52,90,175,183,55,51
20180722,285,297,46,57,53,51,177,173,74,96
20180723,252,245,67,84,69,87,186,201,71,68
20180724,216,235,57,52,57,84,181,181,82,90
20180725,302,303,51,57,48,79,165,177,83,83
20180726,256,264,61,69,65,84,156,165,65,78
20180727,270,272,48,57,55,81,145,137,74,66
20180728,277,291,76,81,38,52,130,137,51,51
20180729,313,326,64,64,68,91,155,176,39,48
20180730,373,382,64,90,45,63,159,165,80,87
20180731,338,342,50,51,42,66,183,196,79,87
20180801,274,282,47,44,64,75,169,184,66,69
20180802,271,292,57,70,50,78,124,144,77,81
20180803,258,254,60,80,56,69,139,139,42,51
20180804,216,246,58,53,35,51,147,141,79,75
20180805,291,315,58,54,49,60,163,174,100,111
20180806,291,314,65,81,44,63,200,225,61,72
20180807,271,269,75,82,47,63,180,178,54,57
20180808,295,318,51,57,45,75,122,131,41,53
20180809,257,266,65,78,64,81,155,159,71,77
20180810,286,295,66,75,54,71,159,162,93,95
20180811,259,280,68,60,63,81,141,146,74,81
20180812,244,264,41,49,56,85,96,104,73,84
20180813,306,316,52,62,62,80,171,187,85,77
20180814,257,256,43,49,50,66,152,162,75,84
20180815,236,265,48,64,54,66,170,173,69,67
20180816,249,243,55,57,45,62,164,168,44,40
20180817,217,242,55,51,55,88,135,156,69,73
20180818,238,252,44,48,48,63,140,133,75,81
20180819,241,283,34,45,34,54,123,136,88,90
20180820,179,174,64,70,30,60,177,195,60,66
20180821,158,167,68,64,40,50,196,211,51,57
20180822,367,410,28,27,49,73,179,189,78,75
20180823,276,301,67,72,41,61,164,168,50,48
20180824,275,268,44,51,38,66,148,151,64,63
20180825,246,281,39,52,58,97,81,96,45,45
20180826,180,289,45,48,40,64,164,173,80,79
20180827,301,306,76,85,53,78,158,171,72,78
20180828,263,283,52,75,36,56,161,192,51,51
20180829,275,288,61,61,44,85,131,123,55,58
20180830,245,273,56,60,64,84,134,150,63,67
20180831,232,278,66,74,39,74,133,137,59,62
20180901,216,277,49,58,61,96,112,120,53,57
20180902,165,260,64,75,51,69,129,138,73,75
20180903,251,287,68,78,53,87,142,175,92,98
20180904,316,339,70,75,58,87,123,138,79,83
20180905,249,243,59,72,43,66,174,184,75,66
20180906,287,291,54,77,48,93,158,179,70,87
20180907,213,241,54,72,36,60,171,184,88,87
20180908,277,275,89,99,47,87,145,156,73,76
20180909,214,259,85,88,53,65,141,165,76,72
20180910,267,265,41,57,51,72,163,173,78,90
20180911,250,269,42,57,47,72,165,181,55,54
20180912,289,308,53,73,44,66,140,157,28,37
20180913,218,214,63,63,44,67,117,111,52,52
20180914,170,180,58,78,57,69,157,179,55,72
20180915,224,230,58,81,47,67,147,152,81,75
20180916,59,45,25,36,8,21,41,33,17,10
20180917,242,308,36,75,44,72,144,174,95,114
20180918,301,315,27,48,35,55,163,168,91,101
20180919,200,222,59,81,47,95,125,141,52,61
20180920,197,191,58,78,67,69,113,125,76,69
20180921,197,218,59,63,58,93,152,140,53,53
20180922,171,183,51,57,36,61,131,131,54,54
20180923,196,191,19,39,39,60,125,128,55,84
20180924,177,197,26,60,41,54,150,153,56,54
20180925,211,246,58,75,45,69,158,176,54,57
20180926,228,270,56,99,35,72,168,200,84,93
20180927,212,207,70,75,55,71,136,129,38,59
20180928,203,240,34,57,45,82,150,139,84,75
20180929,221,210,58,54,42,45,111,116,49,55
20180930,178,198,42,68,29,57,150,171,76,81
20181001,155,192,39,54,45,63,93,106,34,36
20181002,210,217,65,75,42,85,146,163,62,60
20181003,136,164,60,87,55,75,126,146,55,60
20181004,162,183,56,72,48,69,127,138,53,69
20181005,158,169,64,77,51,84,124,144,51,52
20181006,151,192,47,60,46,69,116,126,38,42
20181007,200,267,70,97,56,92,152,171,66,72
20181008,217,214,98,117,61,69,211,236,69,71
20181009,233,274,42,60,47,80,166,189,53,62
20181010,198,210,67,82,44,50,142,146,29,39
20181011,207,237,56,54,71,111,138,150,58,47
20181012,195,195,51,57,55,69,128,133,46,57
20181013,197,250,41,51,35,60,165,160,83,87
20181014,213,213,48,60,50,80,101,110,58,74
20181015,228,279,45,57,42,54,139,169,75,70
20181016,193,213,50,57,23,36,157,147,45,56
20181017,203,235,46,54,30,60,159,164,64,57
20181018,185,178,47,57,60,72,112,111,37,36
20181019,171,205,50,75,63,86,111,126,64,72
20181020,171,184,79,70,34,63,128,150,53,61
20181021,172,214,37,60,33,53,138,154,53,66
20181022,229,236,48,54,43,57,171,186,65,60
20181023,150,176,48,63,11,42,156,174,63,83
20181024,108,170,47,60,60,72,105,119,76,63
20181025,159,167,66,57,67,72,131,136,70,87
20181026,156,153,55,66,49,65,117,123,78,80
20181027,124,167,58,56,58,64,119,112,74,70
20181028,156,153,27,60,55,68,116,128,49,66
20181029,142,200,74,75,48,67,149,147,59,76
20181030,132,151,49,70,38,60,115,112,72,85
20181031,172,194,66,74,27,51,133,144,60,80
20181101,148,166,59,69,38,46,171,181,82,76
20181102,155,201,40,60,42,57,135,135,54,52
20181103,184,179,68,67,32,46,164,168,71,81
20181104,173,180,50,69,40,51,167,161,91,102
20181105,167,198,99,138,41,49,180,180,86,85
20181106,177,210,65,78,33,42,172,183,91,81
20181107,154,174,78,87,57,63,118,126,60,78
20181108,130,171,57,66,51,72,106,120,47,53
20181109,163,167,57,57,51,51,129,145,58,53
20181110,140,147,53,72,43,49,144,149,62,72
20181111,152,186,42,48,30,45,176,187,69,57
20181112,169,206,41,66,44,55,168,165,64,81
20181113,179,190,70,87,27,42,133,153,56,63
20181114,159,183,68,69,42,39,124,115,69,73
20181115,189,220,56,69,64,108,135,146,87,72
20181116,223,246,53,57,66,63,137,138,68,79
20181117,165,165,57,72,37,64,124,119,70,78
20181118,157,183,55,66,33,42,124,146,83,76
20181119,201,265,32,71,50,69,147,138,90,97
20181120,187,233,52,48,62,84,149,141,95,126
20181121,210,218,44,57,39,57,144,148,62,70
20181122,193,204,47,51,53,74,137,148,88,99
20181123,141,178,42,69,28,48,123,109,81,86
20181124,184,245,50,57,50,63,80,86,82,94
20181125,184,222,37,59,53,57,120,123,78,106
20181126,215,251,65,90,40,64,153,158,76,86
20181127,152,237,50,65,38,57,123,117,49,60
20181128,213,194,58,72,45,54,120,117,56,66
20181129,151,207,71,78,52,90,111,121,66,70
20181130,172,269,61,75,52,39,98,99,61,81
20181201,193,222,57,84,33,42,141,143,71,75
20181202,142,237,75,96,43,42,121,126,69,68
20181203,165,189,53,69,23,42,142,141,82,112
20181204,151,237,62,66,29,35,164,174,78,78
20181205,174,243,68,78,48,69,155,147,97,141
20181206,190,210,34,45,59,77,143,150,73,103
20181207,132,173,39,51,37,57,166,176,62,70
20181208,120,207,30,27,28,42,85,85,67,77
20181209,197,258,30,45,33,44,126,128,56,66
20181210,184,225,31,56,38,45,104,94,83,116
20181211,131,206,31,39,32,51,106,123,72,123
20181212,153,212,34,42,22,57,110,96,56,75
20181213,134,232,56,75,61,75,88,93,59,63
20181214,160,206,40,34,29,60,120,135,54,75
20181215,113,204,31,37,21,39,111,104,33,56
20181216,148,229,23,36,28,51,135,138,55,57
20181217,119,234,65,90,22,33,112,123,39,60
20181218,153,205,37,62,18,51,112,105,61,99
20181219,140,232,56,96,31,54,131,130,64,93
20181220,134,198,41,39,39,64,141,150,70,96
20181221,146,194,42,60,43,75,125,123,66,63
20181222,110,192,27,45,19,46,113,111,64,99
20181223,133,261,36,48,24,45,118,123,43,75
20181224,135,196,34,77,15,36,96,111,59,87
20181225,91,178,51,57,28,42,93,96,46,68
20181226,133,195,43,81,17,39,158,165,52,104
20181227,148,236,59,90,21,60,121,139,72,87
20181228,92,188,38,60,29,61,125,121,42,69
20181229,88,181,34,30,31,57,126,123,53,80
20181230,111,190,27,36,26,70,95,93,48,78
20181231,110,201,43,77,17,36,95,120,39,102
20190101,101,137,33,42,19,39,82,74,46,81
20190102,127,249,47,69,19,39,90,105,51,87
20190103,168,234,34,71,10,57,114,117,66,114
20190104,120,175,30,45,23,27,93,97,62,85
20190105,149,197,50,63,18,60,88,93,63,75
20190106,112,196,19,36,25,61,75,81,44,81
20190107,116,224,13,24,12,24,74,99,44,78
20190108,99,192,24,48,13,30,91,112,62,90
20190109,81,153,16,23,5,18,90,123,47,54
20190110,109,192,12,27,11,49,60,96,40,70
20190111,83,86,12,15,12,15,50,51,31,36
20190112,75,154,25,51,4,21,100,131,55,92
20190113,94,244,17,21,11,39,102,126,51,70
20190114,95,207,20,39,9,36,107,144,59,93
20190115,46,85,7,6,0,6,41,45,25,33
20190116,1,0,0,0,2,0,0,0,0,0
20190117,79,345,8,36,19,51,88,148,68,117
20190118,51,120,22,27,8,12,37,54,42,51
20190119,28,126,12,27,4,15,35,60,16,44
20190120,55,182,22,45,6,21,51,84,27,72
20190121,42,162,9,27,3,21,35,78,22,81
20190122,30,144,7,36,8,15,31,96,11,51
20190123,18,144,11,27,5,12,33,78,19,60
20190124,15,135,4,21,9,27,20,60,22,57
20190125,18,93,10,48,1,9,13,39,17,36
20190126,2,0,0,0,0,0,1,0,3,0
20190127,0,0,0,0,0,0,0,0,0,0
20190128,0,0,0,0,0,0,0,0,0,0
20190129,0,0,0,0,0,0,0,0,0,0
20190130,0,0,0,0,0,0,0,0,0,0
20190131,0,0,0,0,0,0,0,0,0,0
20190201,0,0,0,0,0,0,0,0,0,0
20190202,0,0,0,0,0,0,0,0,0,0
20190203,0,0,0,0,0,0,0,0,0,0
20190204,0,0,0,0,0,0,0,0,0,0
20190205,0,0,0,0,0,0,0,0,0,0
20190206,0,0,0,0,0,0,0,0,0,0
20190207,0,0,0,0,0,0,0,0,0,0
20190208,0,0,0,0,0,0,0,0,0,0
20190209,0,0,0,0,0,0,0,0,0,0
20190210,0,0,0,0,0,0,0,0,0,0
20190211,110,643,48,120,21,89,41,184,28,132
20190212,214,628,33,87,17,61,58,225,46,118
20190213,214,530,69,111,29,75,102,223,77,117
20190214,267,509,51,78,35,76,146,230,61,97
20190215,281,474,49,48,44,66,164,214,72,81
20190216,284,359,69,63,18,36,157,189,74,103
20190217,275,438,48,51,29,48,145,166,65,81
20190218,364,646,75,134,23,51,195,230,59,62
20190219,246,451,93,97,32,57,203,268,52,120
20190220,409,719,74,88,43,63,257,341,113,130
20190221,339,466,110,126,35,34,230,242,114,144
20190222,285,500,84,111,39,55,193,214,114,123
20190223,212,454,70,99,36,48,155,221,93,135
20190224,304,586,67,80,38,51,158,189,91,121
20190225,367,660,91,150,40,78,221,244,116,171
20190226,332,598,122,133,50,69,221,274,103,156
20190227,400,599,85,138,44,66,221,225,96,120
20190228,308,558,134,162,46,62,231,251,85,126
20190301,284,439,78,138,29,67,193,222,91,132
20190302,223,408,91,127,29,42,164,177,90,90
20190303,282,552,88,141,31,57,177,245,83,132
20190304,392,662,118,156,25,48,258,285,141,165
20190305,290,534,113,147,52,72,256,261,111,132
20190306,303,489,126,186,52,72,211,205,125,151
20190307,358,456,113,103,52,87,242,273,110,143
20190308,322,482,84,92,58,102,201,225,114,138
20190309,326,492,83,97,68,129,197,198,130,138
20190310,284,492,70,90,55,114,164,204,105,157
20190311,309,493,122,141,55,111,190,201,137,166
20190312,355,423,109,142,66,150,201,207,93,105
20190313,262,354,118,105,97,168,192,201,80,111
20190314,251,382,89,102,69,151,257,255,90,109
20190315,302,359,109,99,56,75,211,219,100,129
20190316,213,288,77,75,68,150,183,183,101,105
20190317,255,258,113,120,71,102,163,169,77,112
20190318,231,308,85,81,38,87,174,177,101,108
20190319,218,272,88,102,56,87,152,172,74,72
20190320,224,259,94,87,60,117,176,178,81,117
20190321,207,240,100,103,67,111,129,159,57,69
20190322,215,213,94,96,64,96,125,122,76,75
20190323,162,213,65,57,65,71,145,141,54,66
20190324,214,277,50,66,74,144,169,195,69,78
20190325,274,340,114,126,35,48,164,170,95,126
20190326,258,274,58,59,62,81,186,177,66,80
20190327,195,248,60,75,60,111,128,132,81,101
20190328,285,359,60,72,76,93,174,191,59,57
20190329,237,279,81,63,50,69,166,169,77,84
20190330,179,215,65,60,45,90,149,141,71,84
20190331,236,303,83,78,74,87,136,165,62,69
20190401,242,306,57,53,56,108,174,183,68,93
20190402,249,299,43,99,74,101,148,168,90,113
20190403,220,308,104,84,48,66,177,185,75,72
20190404,196,258,85,81,60,108,141,144,62,99
20190405,201,207,34,58,79,91,134,144,47,57
20190406,177,303,56,60,44,69,124,144,62,63
20190407,231,312,57,60,45,75,129,129,67,96
20190408,281,321,53,72,67,85,171,180,70,60
20190409,243,309,75,93,46,81,188,195,50,67
20190410,228,321,70,61,48,66,158,167,69,90
20190411,218,262,57,96,48,60,146,156,85,100
20190412,224,241,81,87,59,81,146,170,84,81
20190413,181,265,60,36,32,69,183,181,78,105
20190414,198,228,60,69,42,69,160,156,86,102
20190415,215,256,81,93,53,57,129,132,81,99
20190416,175,214,61,56,37,58,152,185,64,81
20190417,206,252,59,78,52,78,127,100,92,105
20190418,254,265,105,96,60,75,125,142,72,63
20190419,205,258,75,75,53,90,137,132,46,69
20190420,195,262,53,71,44,65,149,156,65,63
20190421,197,249,123,102,55,78,137,158,77,111
20190422,195,270,51,57,45,87,156,154,93,88
20190423,214,271,69,63,68,72,136,150,75,108
20190424,166,240,39,66,42,63,132,115,94,102
20190425,181,230,84,69,80,111,157,184,79,93
20190426,195,274,67,63,77,90,140,135,61,76
20190427,150,223,42,51,61,96,157,156,57,88
20190428,203,262,58,75,56,72,199,195,93,114
20190429,180,291,107,100,49,72,144,156,85,113
20190430,250,295,93,111,48,69,139,138,95,118
20190501,189,214,87,84,65,93,131,138,83,78
20190502,158,216,64,81,50,99,114,138,76,94
20190503,161,204,54,51,61,78,127,162,86,87
20190504,175,277,81,81,42,102,135,150,76,94
20190505,243,355,84,84,72,105,176,181,94,119
20190506,282,348,56,60,56,90,200,211,84,111
20190507,235,270,72,75,52,85,187,207,106,111
20190508,235,325,85,69,59,70,224,225,79,111
20190509,247,292,62,99,32,63,220,232,106,109
20190510,204,273,99,69,46,87,176,184,82,93
20190511,182,291,70,111,51,63,170,201,73,124
20190512,188,232,78,71,49,93,172,174,73,69
20190513,212,296,89,87,44,66,198,223,99,134
20190514,208,300,111,123,39,84,218,265,104,111
20190515,199,253,93,96,50,102,211,210,97,126
20190516,200,261,73,72,51,78,157,168,91,109
20190517,179,213,53,70,48,75,134,161,93,108
20190518,210,286,74,64,43,66,195,250,114,123
20190519,172,240,51,87,39,63,152,188,74,69
20190520,230,301,85,102,50,72,155,177,76,99
20190521,171,281,78,95,29,39,176,218,91,99
20190522,247,276,108,105,54,90,170,201,75,90
20190523,185,216,72,79,78,93,137,171,92,117
20190524,179,212,59,85,58,81,117,125,84,84
20190525,140,198,80,78,37,78,137,189,68,61
20190526,174,267,89,99,42,63,170,201,99,148
20190527,246,270,115,102,41,78,147,192,77,108
20190528,157,231,105,111,70,87,168,206,86,78
20190529,178,255,85,94,61,67,155,168,78,102
20190530,172,261,87,99,46,82,135,213,74,93
20190531,176,237,76,73,37,75,130,186,94,125
20190601,164,234,88,93,55,57,123,132,77,81
20190602,159,207,70,84,52,81,167,177,59,90
20190603,210,270,80,87,68,84,201,219,95,91
20190604,229,262,72,99,60,102,162,184,89,111
20190605,204,287,71,67,54,69,170,180,77,78
20190606,181,219,47,60,61,69,187,201,99,102
20190607,116,185,62,63,57,69,154,169,75,108
20190608,168,216,62,78,52,75,140,150,99,99
20190609,196,256,75,89,70,107,176,189,70,86
20190610,239,259,87,102,64,81,188,205,87,108
20190611,163,288,91,81,64,78,193,204,92,81
20190612,203,207,74,78,29,36,191,219,89,81
20190613,213,250,78,72,48,63,176,218,106,131
20190614,167,200,50,63,52,64,163,177,102,84
20190615,114,168,88,84,59,66,176,180,72,123
20190616,202,267,47,66,57,78,142,149,116,139
20190617,226,282,65,79,74,73,172,201,90,123
20190618,100,171,32,27,20,24,96,108,47,36
20190619,214,256,34,55,39,45,132,156,50,72
20190620,134,171,41,58,30,45,118,147,47,64
20190621,133,220,66,87,59,99,171,237,77,117
20190622,211,288,56,57,58,81,196,204,95,97
20190623,174,225,86,90,44,84,120,144,87,129
20190624,215,328,55,73,49,84,195,235,118,117
20190625,215,225,82,123,48,93,236,261,107,147
20190626,184,225,102,129,48,62,174,198,116,102
20190627,143,213,105,122,39,78,185,221,106,129
20190628,184,234,94,138,56,99,155,201,103,103
20190629,163,228,85,108,45,120,138,158,77,124
20190630,126,214,86,157,23,68,141,249,79,108
20190701,168,246,134,159,68,84,230,227,83,123
20190702,132,280,121,147,51,76,182,160,75,75
20190703,145,232,140,91,53,78,169,175,61,90
20190704,195,253,114,114,64,116,147,165,89,93
20190705,163,208,78,78,51,66,142,171,87,91
20190706,210,222,114,108,40,60,192,201,61,90
20190707,177,222,87,84,55,87,177,237,85,126
20190708,188,309,80,83,52,90,173,198,121,127
20190709,207,288,96,99,42,66,181,217,83,103
20190710,173,234,139,147,62,72,167,179,126,128
20190711,207,251,111,93,52,87,176,198,122,147
20190712,216,262,105,117,46,49,148,162,101,97
20190713,236,258,92,82,36,45,141,168,92,99
20190714,182,242,78,87,55,72,159,189,82,114
20190715,257,302,78,75,45,54,175,195,125,132
20190716,202,246,71,66,48,63,145,189,97,81
20190717,202,221,84,93,54,69,166,209,71,97
20190718,187,231,72,75,39,61,112,132,92,78
20190719,263,286,121,127,47,75,184,202,73,81
20190720,197,257,127,109,58,75,156,192,62,93
20190721,190,249,107,132,59,72,173,177,79,111
20190722,186,236,102,104,58,60,149,150,102,120
20190723,180,283,95,103,61,97,139,173,95,84
20190724,177,205,94,79,52,76,207,234,66,66
20190725,154,231,97,96,40,78,195,199,51,52
20190726,134,272,87,92,33,80,106,120,58,72
20190727,108,243,89,87,53,99,122,138,92,105
20190728,80,294,65,81,28,60,125,158,84,87
20190729,94,273,109,147,21,50,119,209,72,63
20190730,93,406,52,90,39,90,156,218,70,85
20190731,100,290,41,102,28,73,114,209,76,78
20190801,249,246,85,75,47,66,208,190,86,87
20190802,243,331,80,78,42,64,172,168,84,87
20190803,233,280,53,51,56,82,136,154,66,58
20190804,254,324,65,75,42,102,154,148,80,84
20190805,231,385,99,90,37,39,176,189,76,90
20190806,229,417,88,92,54,99,207,215,82,81
20190807,274,272,79,81,46,84,149,174,72,78
20190808,172,232,86,82,61,90,195,205,89,81
20190809,213,229,90,93,61,108,175,198,105,108
20190810,195,229,99,96,47,75,150,143,70,67
20190811,184,214,75,87,53,92,140,141,57,54
20190812,151,215,95,96,51,96,140,147,84,90
20190813,178,234,129,135,56,119,120,133,76,72
20190814,256,282,99,97,64,90,138,141,76,90
20190815,169,226,135,114,45,65,189,189,75,72
20190816,193,229,100,100,43,83,170,189,81,87
20190817,164,211,101,108,42,37,167,192,57,54
20190818,211,258,92,105,35,79,161,180,88,105
20190819,239,304,101,105,45,57,152,215,119,132
20190820,258,307,109,99,33,57,207,210,107,123
20190821,271,316,109,141,57,78,149,165,89,73
20190822,274,349,76,63,49,90,179,199,99,95
20190823,174,243,117,139,32,39,115,152,66,76
20190824,213,234,113,103,39,74,178,194,78,99
20190825,242,310,78,111,53,75,216,291,49,117
20190826,215,348,62,84,49,97,220,221,61,109
20190827,248,286,55,84,46,91,170,224,60,84
20190828,178,281,71,108,41,81,209,218,78,123
20190829,189,310,76,121,36,48,196,225,60,93
20190830,151,297,65,81,47,91,146,186,84,108
20190831,104,216,65,121,25,78,154,206,64,99
20190901,172,237,154,111,46,45,175,201,91,93
20190902,202,281,67,66,40,53,134,213,72,84
20190903,272,319,117,132,39,61,149,156,98,111
20190904,262,251,79,87,34,75,176,180,110,93
20190905,221,270,111,93,44,84,180,198,80,90
20190906,244,262,90,92,43,60,156,156,87,90
20190907,181,220,63,63,38,65,161,178,69,78
20190908,207,251,119,123,44,99,161,174,78,69
20190909,201,252,106,102,58,72,169,166,91,99
20190910,217,239,51,60,49,84,141,144,78,75
20190911,159,172,107,104,49,66,128,137,82,93
20190912,158,192,96,98,57,59,119,117,90,93
20190913,127,142,71,68,51,84,140,150,66,63
20190914,155,217,83,70,54,63,160,162,104,93
20190915,155,179,83,78,62,90,151,165,85,90
20190916,207,258,81,92,53,87,227,266,57,65
20190917,229,236,83,88,57,87,184,204,66,60
20190918,178,190,94,81,52,69,213,216,57,60
20190919,182,219,82,87,54,66,179,182,87,81
20190920,232,245,93,88,45,66,210,213,64,73
20190921,187,231,70,88,30,48,209,208,125,120
20190922,210,231,107,107,39,69,169,183,112,117
20190923,200,237,95,90,44,69,198,218,74,70
20190924,193,237,67,78,46,60,197,195,78,90
20190925,174,190,99,120,28,56,143,160,114,115
20190926,188,212,103,90,46,63,162,169,103,106
20190927,182,213,81,90,41,54,206,190,79,67
20190928,208,226,94,115,34,68,135,150,103,108
20190929,167,247,71,102,29,69,125,145,97,94
20190930,175,228,58,84,29,81,126,158,68,90
20191001,162,148,63,66,58,90,141,141,81,69
20191002,131,183,96,105,33,49,127,153,72,69
20191003,169,233,130,153,46,75,162,174,77,77
20191004,179,189,117,117,56,93,130,164,61,71
20191005,205,228,77,72,48,75,216,260,84,86
20191006,188,157,109,108,67,92,164,174,96,97
20191007,141,183,75,84,63,92,216,249,123,111
20191008,245,322,128,144,50,74,157,172,100,106
20191009,300,324,116,99,58,90,178,206,125,129
20191010,297,312,135,136,54,72,241,231,114,111
20191011,275,279,99,106,57,72,220,257,68,69
20191012,223,237,106,115,61,120,223,228,98,96
20191013,225,252,120,113,66,84,177,177,63,72
20191014,238,248,121,117,64,114,203,213,126,120
20191015,260,294,80,84,59,120,173,178,84,97
20191016,212,201,100,93,64,84,185,177,113,109
20191017,193,216,68,75,51,63,137,139,67,60
20191018,231,237,69,72,72,87,174,176,67,75
20191019,203,204,69,66,65,101,179,200,81,82
20191020,216,240,70,71,66,81,150,147,89,93
20191021,192,201,89,93,41,60,205,212,115,132
20191022,174,198,117,126,53,93,179,174,128,129
20191023,137,183,73,84,54,112,158,172,76,72
20191024,194,190,100,94,52,81,179,180,59,63
20191025,136,147,85,78,46,74,139,153,97,93
20191026,154,168,110,108,47,66,158,159,93,105
20191027,160,196,53,60,58,78,133,135,70,62
20191028,137,230,96,108,44,105,139,147,107,129
20191029,184,213,83,99,73,104,133,145,74,66
20191030,182,186,89,120,30,75,151,156,65,59
20191031,152,183,65,97,22,81,153,153,67,66
20191101,142,144,96,78,55,78,120,118,65,71
20191102,133,141,93,111,61,66,152,168,105,112
20191103,134,165,134,132,60,58,125,123,87,78
20191104,158,195,89,96,58,75,125,141,73,78
20191105,195,202,88,108,62,69,164,154,62,69
20191106,210,198,114,105,58,72,155,178,71,65
20191107,152,170,77,79,75,105,205,190,82,84
20191108,143,134,64,63,44,66,160,168,78,79
20191109,127,134,84,87,45,57,101,135,54,57
20191110,162,172,68,69,40,41,167,189,90,90
20191111,161,171,74,70,42,54,174,174,61,63
20191112,183,203,59,70,33,44,165,165,60,54
20191113,208,207,52,48,57,78,137,126,87,90
20191114,158,197,91,99,40,59,153,175,90,90
20191115,170,203,100,105,87,108,164,162,88,90
20191116,165,171,78,73,71,90,120,141,85,90
20191117,203,240,93,96,62,70,197,199,122,123
20191118,216,213,97,96,62,87,251,222,95,99
20191119,178,194,99,113,44,67,189,148,91,84
20191120,164,171,99,92,55,75,175,160,58,58
20191121,123,147,87,93,61,97,140,124,57,69
20191122,174,199,81,78,35,66,177,181,79,78
20191123,170,185,87,87,61,90,185,141,77,75
20191124,195,234,75,75,49,63,198,171,84,92
20191125,221,258,89,94,53,72,176,174,68,57
20191126,191,233,90,102,36,48,182,168,87,93
20191127,189,234,94,105,43,94,142,132,98,87
20191128,184,187,60,57,61,86,145,135,66,75
20191129,186,207,58,65,66,86,148,130,70,60
20191130,177,237,43,54,71,100,126,125,74,69
20191201,232,261,57,54,62,90,171,160,57,68
20191202,212,240,76,87,46,63,142,123,89,81
20191203,174,190,63,69,52,69,133,114,65,59
20191204,183,187,65,67,76,88,139,123,44,37
20191205,154,172,64,72,36,63,131,126,38,42
20191206,171,144,79,78,39,55,191,161,81,78
20191207,175,208,73,75,34,54,147,123,70,72
20191208,156,168,74,91,49,69,120,105,73,66
20191209,200,241,84,105,84,87,175,169,70,69
20191210,164,156,86,78,52,75,107,88,75,78
20191211,166,206,66,66,69,93,103,94,78,72
20191212,190,169,58,63,70,108,92,73,79,81
20191213,206,245,64,67,40,70,165,171,104,105
20191214,167,192,74,78,35,48,119,128,114,103
20191215,177,213,59,60,28,63,160,141,110,105
20191216,211,223,50,64,65,88,183,187,119,130
20191217,150,147,77,70,37,72,171,149,103,91
20191218,156,193,61,69,27,57,198,193,63,64
20191219,143,182,42,39,27,53,151,134,81,77
20191220,162,179,44,47,43,45,148,150,38,36
20191221,130,165,63,60,33,84,142,120,58,54
20191222,157,209,28,27,48,53,116,117,37,32
20191223,200,289,51,60,23,50,144,175,77,81
20191224,144,169,54,47,22,51,178,128,48,42
20191225,107,164,48,51,25,42,98,105,60,57
20191226,146,174,64,64,35,66,116,141,66,70
20191227,144,207,57,60,41,57,126,144,77,69
20191228,147,191,33,36,22,48,107,134,67,70
20191229,168,248,63,66,27,48,141,126,95,96
20191230,130,232,68,69,25,71,118,139,91,98
20191231,136,163,45,43,22,72,147,165,86,69
20200101,136,189,65,83,17,16,114,132,76,81
20200102,165,247,70,78,32,33,143,182,87,90
20200103,146,205,60,66,38,33,129,148,79,78
20200104,140,188,70,75,16,15,108,123,70,74
20200105,150,201,50,51,32,38,105,160,60,63
20200106,117,171,62,72,22,33,82,124,90,90
20200107,89,164,45,63,21,26,53,102,52,54
20200108,51,63,18,18,3,6,22,27,24,21
20200109,13,0,0,0,0,0,1,0,1,0
20200110,122,186,38,63,24,39,48,147,51,54
20200111,117,175,28,45,22,18,65,119,50,51
20200112,88,144,20,36,12,18,24,76,51,51
20200113,72,145,23,36,13,23,20,105,38,36
20200114,43,174,18,24,6,15,9,102,46,45
20200115,33,99,8,15,5,15,19,71,31,30
20200116,16,108,8,18,3,15,7,50,25,24
20200117,7,74,8,30,1,6,1,45,15,15
20200118,12,63,12,33,3,9,0,36,17,18
20200119,1,20,0,3,1,3,0,6,2,3
20200120,0,0,0,0,0,0,0,0,0,0
20200121,0,0,0,0,0,0,0,0,0,0
20200122,0,0,0,0,0,0,0,0,0,0
20200123,0,0,0,0,0,0,0,0,0,0
20200124,0,0,0,0,0,0,0,0,0,0
20200125,0,0,0,0,0,0,0,0,0,0
20200126,0,0,0,0,0,0,0,0,0,0
20200127,0,0,0,0,0,0,0,0,0,0
20200128,0,0,0,0,0,0,0,0,0,0
20200129,0,0,0,0,0,0,0,0,0,0
20200130,0,0,0,0,0,0,0,0,0,0
20200131,0,0,0,0,0,0,0,0,0,0
20200201,0,0,0,0,0,0,0,0,0,0
20200202,0,0,0,0,0,0,0,0,0,0
20200203,13,45,6,6,0,0,0,3,7,15
20200204,9,45,0,0,0,0,7,18,23,15
20200205,9,42,0,0,1,3,7,17,6,3
20200206,11,24,6,15,4,6,28,28,9,12
20200207,13,39,7,9,1,3,4,6,15,12
20200208,13,18,4,9,3,9,9,27,45,51
20200209,31,81,2,6,5,21,29,38,24,24
20200210,39,138,5,3,7,39,43,53,39,39
20200211,38,159,3,15,16,15,95,104,48,45
20200212,39,207,11,27,10,9,93,113,56,66
20200213,57,75,6,30,9,9,81,108,46,45
20200214,55,141,11,24,15,15,77,120,61,63
20200215,51,108,10,18,1,3,61,109,59,69
20200216,41,141,19,42,7,9,67,80,43,57
20200217,37,83,12,24,17,45,55,101,55,84
20200218,42,66,13,27,21,43,75,94,37,84
20200219,67,112,13,30,13,42,65,120,41,78
20200220,85,155,12,21,13,36,77,107,38,63
20200221,78,177,32,60,25,39,95,130,27,9
20200222,61,144,36,60,26,39,85,95,56,69
20200223,48,150,38,63,24,45,88,96,54,60
20200224,59,114,29,69,26,34,121,171,62,66
20200225,102,139,21,81,30,45,113,147,64,75
20200226,86,120,37,63,21,49,95,135,83,117
20200227,100,289,18,38,17,21,97,168,74,72
20200228,92,254,33,81,12,6,165,267,67,66
20200229,77,233,35,129,9,9,172,198,50,69
20200301,95,278,21,81,24,52,221,285,93,120
20200302,86,237,31,93,32,45,189,284,83,93
20200303,109,345,13,24,44,37,168,230,86,100
20200304,108,378,23,27,16,12,197,249,86,99
20200305,79,251,20,51,30,30,151,165,82,123
20200306,92,355,24,85,21,27,163,189,75,90
20200307,77,291,24,69,24,33,150,144,76,60
20200308,78,323,26,51,34,58,155,216,59,75
20200309,62,248,29,72,33,39,190,246,71,84
20200310,124,324,36,132,21,39,164,214,72,113
20200311,124,286,25,105,41,39,237,247,85,126
20200312,119,269,36,99,33,42,147,216,91,140
20200313,117,278,30,50,58,162,160,201,101,126
20200314,122,315,36,110,81,131,158,255,101,127
20200315,114,409,36,72,51,94,118,162,74,90
20200316,109,345,49,75,35,57,124,290,114,153
20200317,117,252,38,57,55,70,171,252,90,122
20200318,148,241,45,57,45,87,168,250,91,120
20200319,117,270,58,72,70,76,191,249,83,173
20200320,116,235,42,48,57,71,123,155,108,137
20200321,134,261,50,57,47,78,118,263,109,144
20200322,129,301,45,54,65,128,110,260,97,152
20200323,147,291,43,63,47,74,140,237,115,177
20200324,153,355,48,49,50,83,121,210,110,174
20200325,150,285,57,33,54,73,117,171,111,120
20200326,153,278,69,62,64,92,140,205,114,173
20200327,136,284,56,60,44,89,137,222,74,146
20200328,127,140,56,57,42,105,102,136,61,113
20200329,136,279,43,57,52,74,119,186,57,131
20200330,116,225,53,57,40,97,121,264,69,115
20200331,86,207,41,66,26,78,115,178,86,110
20200401,152,328,56,65,42,70,143,155,106,129
20200402,141,270,60,75,55,88,142,165,116,114
20200403,144,168,63,65,64,76,145,159,103,116
20200404,125,130,57,57,54,93,131,170,116,135
20200405,144,229,42,51,55,74,139,228,111,149
20200406,142,239,59,60,58,84,132,166,111,142
20200407,148,304,72,89,72,132,122,176,102,135
20200408,153,399,77,75,40,63,134,239,101,132
20200409,142,321,74,83,45,94,137,154,104,134
20200410,195,274,51,54,74,100,150,220,108,132
20200411,185,300,62,78,60,87,147,216,114,202
20200412,162,331,80,112,55,66,160,236,111,183
20200413,168,287,75,123,65,93,191,270,113,135
20200414,210,279,99,120,56,78,225,257,121,171
20200415,208,280,63,77,63,93,166,228,118,161
20200416,201,564,67,63,63,58,178,163,115,105
20200417,230,211,75,78,58,72,134,180,115,132
20200418,201,271,74,86,45,48,166,243,110,115
20200419,203,304,84,111,48,71,140,169,96,116
20200420,201,361,87,141,41,87,167,165,113,122
20200421,166,288,81,126,48,77,179,176,99,113
20200422,196,242,58,99,53,135,157,150,70,60
20200423,157,177,83,78,57,182,155,201,79,78
20200424,198,226,52,51,65,114,176,164,69,63
20200425,186,207,52,57,47,114,156,183,97,98
20200426,235,288,72,81,58,110,124,198,71,89
20200427,212,248,64,87,55,127,165,209,78,92
20200428,279,308,67,108,59,147,154,205,96,84
20200429,228,291,74,81,55,93,177,219,69,78
20200430,233,307,76,99,57,132,119,195,71,99
20200501,153,177,68,79,55,102,202,174,67,48
20200502,147,147,90,89,58,87,188,187,58,70
20200503,156,229,69,72,58,107,195,231,74,75
20200504,213,303,72,90,48,104,197,263,58,60
20200505,222,410,67,87,65,105,196,219,71,71
20200506,278,375,65,78,47,60,187,250,99,89
20200507,291,295,59,88,44,90,194,231,89,91
20200508,231,343,78,108,57,111,161,191,91,90
20200509,247,308,55,91,48,52,179,177,81,75
20200510,201,235,64,96,31,41,169,166,107,106
20200511,243,321,87,81,50,81,168,199,71,83
20200512,229,280,69,86,44,87,205,219,81,72
20200513,212,274,85,81,40,63,182,225,55,54
20200514,209,268,98,93,49,102,206,185,79,72
20200515,194,195,57,75,55,103,183,203,57,48
20200516,157,194,85,84,37,72,153,164,58,64
20200517,169,194,49,42,40,64,118,193,81,89
20200518,211,286,47,54,53,60,134,241,75,69
20200519,270,364,66,60,44,81,168,193,83,89
20200520,268,325,67,75,37,87,147,191,77,81
20200521,257,329,61,90,41,69,174,225,74,71
20200522,297,353,47,81,49,63,166,191,97,95
20200523,268,335,56,66,45,61,142,224,62,63
20200524,227,339,62,69,29,40,127,218,60,64
20200525,277,454,53,81,47,83,145,239,86,114
20200526,241,309,95,135,55,57,165,199,80,58
20200527,265,349,58,88,54,75,154,189,64,80
20200528,230,385,77,105,42,69,139,201,65,42
20200529,269,296,43,66,59,72,132,176,53,66
20200530,275,332,64,85,49,75,87,175,94,92
20200531,258,380,54,112,59,71,88,224,112,110
20200601,243,306,55,75,54,61,193,233,96,83
20200602,211,273,42,74,49,62,182,227,89,93
20200603,247,284,67,78,63,65,123,21,60,51
20200604,271,244,71,69,56,63,150,222,91,106
20200605,267,278,76,69,39,54,180,209,103,106
20200606,261,280,65,65,75,101,158,136,67,81
20200607,249,322,80,77,85,83,154,211,91,93
20200608,249,300,65,69,76,107,144,172,92,97
20200609,262,293,91,92,53,64,180,197,59,77
20200610,239,283,79,90,76,113,191,223,57,57
20200611,197,213,59,57,78,93,177,166,48,50
20200612,218,244,86,94,43,66,186,216,72,71
20200613,206,242,56,54,40,81,164,159,64,87
20200614,207,265,81,83,66,89,154,204,43,50
20200615,215,218,58,66,49,70,181,210,90,97
20200616,217,242,101,112,68,60,181,191,49,53
20200617,171,197,56,55,40,75,161,150,58,59
20200618,133,180,59,75,53,67,153,130,64,68
20200619,111,120,79,80,50,54,62,40,68,63
20200620,184,253,41,48,50,82,202,233,77,87
20200621,197,264,56,91,46,74,192,201,53,65
20200622,175,252,50,72,55,78,201,183,57,63
20200623,173,223,81,90,53,90,209,234,103,110
20200624,156,156,52,87,56,98,195,186,87,90
20200625,194,273,34,80,54,97,150,180,71,65
20200626,200,281,36,81,75,114,172,186,60,63
20200627,212,288,46,113,57,84,184,236,101,108
20200628,171,284,79,105,71,108,184,222,72,66
20200629,128,256,41,111,59,95,157,219,65,85
20200630,178,273,53,123,61,107,145,257,88,100
20200701,248,164,79,105,58,63,187,198,88,62
20200702,183,205,78,114,61,61,187,202,67,63
20200703,236,253,94,126,70,102,208,208,57,77
20200704,196,216,76,57,50,50,159,168,45,48
20200705,235,291,75,80,54,90,146,138,67,71
20200706,257,336,76,81,82,108,144,217,59,69
20200707,208,230,62,64,54,81,172,211,67,61
20200708,244,293,84,99,43,69,162,152,60,51
20200709,232,307,64,59,67,76,201,213,70,74
20200710,257,293,65,69,83,123,159,152,77,77
20200711,284,322,82,97,59,81,151,144,54,61
20200712,266,320,84,84,58,84,139,190,54,77
20200713,298,386,81,114,40,87,137,178,76,94
20200714,304,360,63,66,65,96,180,189,69,54
20200715,290,320,73,81,70,85,182,188,96,89
20200716,283,333,84,108,57,112,190,228,77,85
20200717,260,309,87,89,70,93,161,162,99,93
20200718,273,350,37,44,49,83,146,205,103,117
20200719,264,382,65,80,58,114,143,196,105,108
20200720,234,389,80,111,70,114,142,195,94,89
20200721,239,408,66,84,59,107,183,139,74,65
20200722,266,374,60,96,65,115,123,114,77,75
20200723,306,306,70,73,65,84,145,165,76,77
20200724,274,317,52,77,34,72,159,141,42,45
20200725,254,356,38,64,27,40,124,151,96,97
20200726,241,445,29,62,24,69,167,201,96,107
20200727,245,368,66,93,17,63,127,136,130,125
20200728,209,362,69,105,8,45,137,165,62,73
20200729,160,291,51,93,27,57,127,132,65,77
20200730,126,349,62,83,10,51,118,135,82,78
20200731,107,311,39,72,11,42,158,250,56,36
20200801,185,292,61,54,15,24,200,191,57,69
20200802,195,355,55,64,24,49,152,160,69,66
20200803,217,450,58,83,21,39,173,210,73,80
20200804,269,389,52,71,13,36,200,181,63,57
20200805,257,379,71,93,40,48,184,172,66,87
20200806,251,254,55,68,23,38,210,194,60,65
20200807,277,249,43,39,23,36,173,156,69,73
20200808,263,346,72,51,26,46,182,198,49,50
20200809,249,446,69,82,29,33,159,167,53,65
20200810,282,317,87,103,29,63,151,140,61,62
20200811,254,417,61,58,36,27,143,170,66,69
20200812,262,365,63,65,17,29,218,184,63,54
20200813,236,353,71,93,33,45,177,192,71,78
20200814,215,328,72,82,32,35,232,240,72,84
20200815,266,382,61,76,41,57,200,185,70,60
20200816,246,272,50,64,48,63,155,218,89,81
20200817,235,308,56,76,56,80,228,217,72,78
20200818,207,283,56,82,48,84,164,142,55,54
20200819,267,330,32,58,54,72,202,235,64,75
20200820,239,280,45,56,39,54,155,173,76,78
20200821,269,302,50,61,29,44,188,204,57,56
20200822,188,272,61,71,16,27,126,119,56,52
20200823,231,294,42,66,33,54,135,207,64,77
20200824,238,339,50,71,57,73,151,214,69,72
20200825,229,325,42,66,45,65,159,157,74,77
20200826,213,288,53,69,42,59,171,190,95,93
20200827,265,355,78,92,64,72,161,189,72,69
20200828,212,317,55,66,57,66,110,151,43,47
20200829,189,297,51,54,32,33,93,174,113,71
20200830,192,391,28,51,50,55,91,210,67,69
20200831,163,370,64,66,47,83,143,219,97,59
20200901,151,363,41,64,64,78,122,207,65,63
20200902,212,323,75,111,53,90,166,223,54,46
20200903,221,276,64,86,49,54,196,263,89,83
20200904,236,266,57,68,58,84,190,165,72,72
20200905,243,312,88,92,55,48,159,162,74,57
20200906,256,337,41,57,33,24,162,180,53,56
20200907,270,382,63,60,37,54,132,159,69,79
20200908,282,346,53,63,61,69,176,187,87,86
20200909,273,298,63,70,48,38,189,203,74,63
20200910,298,300,73,63,58,65,182,154,53,52
20200911,268,302,57,71,60,63,157,166,65,63
20200912,266,300,53,37,37,48,175,188,83,85
20200913,237,302,46,54,50,66,119,127,82,86
20200914,303,325,100,64,57,60,169,192,78,93
20200915,281,357,35,64,55,72,151,150,81,60
20200916,296,296,74,49,75,93,177,183,55,54
20200917,203,239,41,48,64,54,144,157,47,63
20200918,185,219,52,50,48,63,159,120,65,66
20200919,207,204,63,63,67,82,163,171,32,39
20200920,211,237,37,57,41,50,164,187,55,52
20200921,265,272,76,84,58,60,161,148,68,61
20200922,224,247,61,54,42,48,135,141,67,72
20200923,218,254,54,56,67,87,167,163,54,51
20200924,196,217,72,69,45,66,167,170,75,48
20200925,220,216,70,72,81,89,198,215,74,77
20200926,192,222,36,39,43,48,158,165,59,61
20200927,270,302,71,72,52,93,153,176,68,68
20200928,239,275,79,86,52,60,163,167,60,67
20200929,202,226,45,39,57,72,161,158,81,64
20200930,211,233,54,72,39,69,174,194,51,59
20201001,178,182,33,57,20,24,77,89,55,45
20201002,209,283,69,81,44,90,99,168,52,66
20201003,236,258,73,75,51,42,129,196,93,91
20201004,219,253,55,84,61,88,131,167,92,81
20201005,238,276,59,78,50,121,142,192,96,108
20201006,230,264,83,95,77,147,215,224,89,68
20201007,265,316,152,115,49,99,265,247,99,105
20201008,333,364,93,83,38,94,206,237,98,82
20201009,277,297,58,96,54,72,217,249,80,88
20201010,281,334,76,72,39,88,162,174,63,57
20201011,301,325,76,81,50,78,183,241,115,102
20201012,332,381,100,89,62,67,196,201,113,107
20201013,336,411,78,102,63,120,237,290,86,81
20201014,345,393,83,81,77,91,251,248,80,76
20201015,287,360,63,105,50,66,195,210,56,56
20201016,356,357,75,124,42,106,252,227,67,64
20201017,242,275,83,141,54,97,181,229,101,86
20201018,272,368,52,109,55,106,201,279,96,96
20201019,347,445,52,108,76,141,204,252,117,115
20201020,337,406,43,91,52,78,220,245,105,102
20201021,298,370,82,124,53,75,211,267,69,81
20201022,251,286,64,85,39,84,170,196,94,99
20201023,239,271,179,50,66,91,190,216,76,72
20201024,217,284,67,101,39,77,180,206,65,59
20201025,260,340,48,73,48,56,215,291,77,77
20201026,305,358,56,71,38,43,184,273,91,77
20201027,253,338,56,119,21,54,185,249,71,97
20201028,261,293,114,122,39,52,213,262,81,77
20201029,182,238,78,132,34,63,204,227,57,48
20201030,191,308,42,102,39,84,186,286,78,74
20201031,213,314,40,78,18,57,138,220,101,86
